post_id,user_id,content,post_date,hashtags
1,34,Each drop reality within let.,2024-09-25,"tech,photography,music"
2,36,Pressure could resource along bring turn.,2024-10-04,"fitness,health"
3,30,Affect style senior.,2025-07-15,"art,lifestyle,startup"
4,1,Evening operation generation information his friend nearly.,2024-12-13,"photography,coffee"
5,29,Part visit nation miss section recently fish.,2025-05-16,startup
6,32,Thus from join condition.,2024-11-29,"tech,sports,music"
7,19,Policy student PM affect number.,2025-07-17,"sports,music"
8,47,Authority girl hundred piece same behavior.,2025-05-25,"music,food"
9,31,During night include speech significant government practice.,2025-07-29,"food,tech"
10,10,Deal woman gas century one arrive.,2024-12-26,"food,motivation"
11,28,Him may special remember.,2025-04-10,"motivation,coffee,art"
12,9,Physical whole but model.,2025-06-19,"innovation,music,cooking"
13,21,Agreement information raise arm rock exactly.,2025-05-15,"lifestyle,health"
14,4,Box crime society firm word.,2024-11-13,"fashion,lifestyle,coffee"
15,6,Miss relate democratic magazine manager avoid.,2024-10-02,"art,education"
16,43,Care campaign road head clear would interview yet.,2025-01-30,"education,sports,business"
17,19,Team teacher woman water get material official.,2025-06-11,"lifestyle,health,tech"
18,32,Wide single power truth statement later address.,2025-03-03,"nature,health"
19,23,Art decide behavior then main stay carry job.,2025-01-17,"music,food,nature"
20,18,Once doctor area town article half.,2025-07-28,news
21,46,Especially third this property police always reason.,2024-12-04,"music,art"
22,1,Fly able clearly painting so top.,2025-03-13,coffee
23,26,Deep party clearly appear.,2025-01-21,"innovation,coffee,music"
24,28,One teacher writer fund.,2025-06-12,"photography,nature"
25,48,Medical easy capital call star.,2025-08-08,coffee
26,21,Probably cover daughter remember.,2025-05-13,"nature,fashion"
27,50,Possible trouble catch summer.,2024-12-01,cooking
28,48,Happy management coach black.,2024-09-25,"startup,education,lifestyle"
29,2,Far seat church maybe low style job.,2025-03-07,"motivation,food,tech"
30,29,Town return less recent affect expect include.,2024-11-21,startup
31,29,Of season technology often.,2024-08-10,startup
32,34,Nothing voice enough.,2024-08-27,"travel,sports"
33,18,Soon occur spring force great director.,2024-08-12,"art,cooking,coffee"
34,39,Material idea high degree true environmental behavior.,2024-09-25,lifestyle
35,17,Standard away culture radio nearly network.,2024-11-23,travel
36,29,On environmental sound.,2025-01-18,"tech,health,sports"
37,28,Clear board sister what make since life few.,2025-04-17,"nature,fitness"
38,23,Watch whether gun realize prove describe.,2024-12-27,"education,food,news"
39,17,Whatever anything large shoulder agreement.,2025-03-17,"innovation,travel,coffee"
40,4,True major media sing foot.,2025-07-21,"fitness,education,cooking"
41,41,House send necessary TV.,2024-10-10,"art,sports,business"
42,34,To human may claim business Republican imagine garden.,2024-09-07,"food,news"
43,22,Join risk blood throughout side tax.,2024-11-14,"motivation,food"
44,5,Number edge likely up.,2025-03-28,"startup,fashion"
45,41,Will green even budget.,2025-06-24,"food,travel,lifestyle"
46,36,Instead control from keep find only true.,2024-12-01,"innovation,photography"
47,42,Occur color practice decade realize stand sure outside.,2024-09-05,"health,nature"
48,42,Chance first too write.,2025-06-21,"fitness,cooking"
49,15,Vote star huge step.,2025-03-30,health
50,23,Without message world discover conference produce sort.,2024-11-02,"innovation,coffee,nature"
51,10,Process night lawyer school shoulder close.,2024-11-05,cooking
52,48,Live fish kind forward.,2024-11-04,"food,business"
53,42,Price now growth difficult.,2025-01-02,"cooking,coffee,business"
54,50,Look lawyer she your avoid above.,2024-09-15,"food,cooking"
55,12,Never know issue finish key thousand.,2024-12-04,"art,education,health"
56,12,Base summer it name within within notice.,2025-04-05,"health,fashion,art"
57,4,Picture after at beautiful east practice these.,2024-11-18,"tech,business,health"
58,9,Area speak let current choice young magazine wonder.,2024-09-02,"education,business,cooking"
59,4,Share reduce hard defense still beautiful.,2025-03-10,motivation
60,41,Expect wind behavior human still language.,2024-08-14,cooking
61,46,Significant yourself for early affect young.,2025-01-14,"motivation,tech,travel"
62,37,Grow once couple recognize join position.,2024-10-30,"startup,food,fitness"
63,12,Special instead remember its often stop of.,2025-02-08,"startup,travel,health"
64,40,Prevent eight couple value my.,2025-08-02,nature
65,41,Physical mean job Mrs painting each above instead.,2024-09-04,motivation
66,37,Conference fly live language case ask.,2025-04-21,"nature,fashion,art"
67,22,Any office animal nearly.,2025-06-13,health
68,39,Least moment analysis huge.,2025-03-14,business
69,12,Western go still compare ten laugh relationship between.,2025-06-22,"coffee,education"
70,25,Find south finish picture difference visit security.,2025-03-13,"innovation,photography"
71,47,Eat discussion within sign service cup run.,2025-06-03,"lifestyle,coffee"
72,7,Though memory choose indicate political become wish.,2025-06-06,photography
73,9,Fast often north enough.,2024-09-15,"fitness,coffee,music"
74,15,Him computer investment trade six.,2025-02-28,"fitness,travel,motivation"
75,16,Song edge piece strategy.,2025-03-04,health
76,16,Side wish writer spend.,2024-10-09,"health,news"
77,9,Guess think prevent prepare capital ball baby.,2024-11-13,"health,fitness,tech"
78,48,Alone effort task shake increase.,2025-05-09,"lifestyle,travel"
79,27,Soldier too might director.,2025-08-01,"art,fitness"
80,45,Republican play fly brother.,2025-06-02,sports
81,23,Forget realize wish party.,2025-01-04,education
82,9,Station available boy building safe.,2024-12-15,nature
83,15,Ability talk during rich final month morning.,2025-03-21,food
84,39,Protect young without director culture food trade.,2025-07-10,cooking
85,11,Clear main rule sense gas poor enter.,2024-11-06,health
86,7,Short class join where hit weight.,2025-07-15,art
87,29,By final late half interest.,2024-10-05,"health,news,art"
88,19,Morning market her PM difficult movie ten answer.,2025-02-20,nature
89,13,Drug base drive something ask claim actually.,2025-03-14,business
90,32,Something energy research heavy important.,2025-03-26,"cooking,lifestyle"
91,29,Finally author far behind determine.,2024-10-03,"innovation,food,fashion"
92,6,Modern full serious right try especially.,2025-01-07,motivation
93,38,Care forget product collection project stock.,2024-09-04,"cooking,tech"
94,21,Guess read production.,2024-11-08,startup
95,39,Break heart audience second tell bank.,2025-05-24,art
96,21,Majority condition couple position game from ready.,2025-06-28,"education,sports,art"
97,31,World everybody difference final blue its kind.,2024-08-27,"photography,motivation,coffee"
98,41,Always ahead many onto tend maybe television.,2024-08-12,tech
99,36,Black simple may area street forward.,2025-05-09,"lifestyle,art"
100,2,Building history actually song hit federal small.,2025-01-25,"motivation,photography,food"
101,18,Body century week degree person south.,2025-05-19,news
102,23,Animal miss great or vote child here street.,2025-07-09,"tech,art"
103,7,Food daughter drive.,2025-04-07,"sports,startup"
104,11,Success day off.,2025-01-03,"news,tech"
105,49,Not simply early movement claim account.,2025-03-31,"health,photography,fashion"
106,20,Prevent ahead teach give probably.,2025-06-08,"music,news,education"
107,42,Activity against reduce law she sport.,2025-02-17,fashion
108,12,Assume clear accept.,2024-12-01,"tech,food"
109,13,Near writer model husband policy.,2024-11-11,business
110,33,Back foreign her bit article.,2025-03-14,"innovation,art,cooking"
111,3,Stand with kitchen check suffer project social.,2025-06-11,business
112,3,Wind deep hear cost left.,2024-10-19,"fashion,art"
113,4,Perhaps perform since marriage yard data.,2025-01-05,"tech,fitness"
114,44,Question color financial political.,2025-07-01,"fitness,innovation"
115,7,Should half politics authority pass.,2024-10-08,fitness
116,29,Evidence five nation military.,2025-02-17,"sports,photography,coffee"
117,14,Follow least eye task indicate language amount.,2024-11-18,"sports,cooking,lifestyle"
118,42,Red almost worker guess certainly.,2025-03-18,"business,sports"
119,13,Far must phone society.,2025-02-09,coffee
120,8,Continue can college mouth young class early.,2025-03-11,"tech,music,education"
121,16,Focus really begin always ten piece kid.,2025-04-08,"art,music,food"
122,11,Source right effort so I age tree list.,2024-10-21,"lifestyle,business"
123,47,Tv new speech thing conference happen computer.,2025-01-11,business
124,28,Feel way world rest capital different blue.,2024-10-06,news
125,21,You man tough floor might person since.,2025-05-23,lifestyle
126,12,Against affect side environment at dark standard.,2025-07-01,music
127,48,Set yard do including discuss first charge.,2025-03-01,"startup,music,business"
128,11,Such region lawyer cover couple garden recently.,2025-01-28,"health,coffee"
129,39,Couple industry point agency name sit pretty.,2025-03-11,"nature,motivation,coffee"
130,37,Away commercial lead particular difficult wind foreign.,2024-10-15,photography
131,21,Point decade cold professor raise business.,2025-07-16,"business,tech"
132,31,Official after commercial air information do.,2024-11-13,cooking
133,5,Line share kid standard street.,2025-02-03,"motivation,education"
134,41,Suggest door change down major.,2024-09-16,health
135,34,Structure great fish official success myself.,2024-12-25,news
136,32,Impact about morning teacher few despite.,2025-07-21,health
137,42,Away already party good national concern professor.,2025-03-11,"art,nature"
138,37,Culture in past something party.,2024-09-06,"coffee,music,food"
139,24,Have season son too.,2025-05-19,"travel,music,sports"
140,20,Professor usually us more prove get.,2025-06-25,"cooking,tech"
141,3,Cup market style weight in.,2025-02-16,"nature,sports"
142,8,Create her idea career expert financial light.,2025-08-01,"startup,lifestyle"
143,37,Fear soon owner dog though.,2024-10-22,fashion
144,18,Firm simple must condition prove control.,2025-05-13,fitness
145,4,Claim heart past media.,2024-10-05,"food,business,fitness"
146,46,Coach despite dark read mission work.,2025-04-12,music
147,12,Such environmental why firm.,2024-12-09,"education,fitness"
148,34,Grow so always company after.,2025-01-20,art
149,24,Score brother by turn most human dog.,2025-06-17,tech
150,44,View see bag.,2025-01-23,"cooking,business"
151,30,Bar small part summer technology only medical nothing.,2025-04-17,"music,art,nature"
152,2,Now use both itself box government area field.,2024-08-11,news
153,50,Policy also yourself head.,2025-07-08,"business,tech"
154,44,Myself century what get difficult rich minute career.,2024-12-06,innovation
155,6,Morning former public east rule.,2024-11-30,"motivation,lifestyle,coffee"
156,38,Toward process sea treatment.,2025-04-11,innovation
157,49,Charge reduce mind a account power still.,2024-12-19,"photography,innovation,travel"
158,2,None TV however fire remember offer executive.,2025-06-07,"innovation,cooking,sports"
159,34,Purpose this surface deal become light.,2024-10-24,"travel,startup"
160,26,Court the side measure different accept.,2025-07-19,"cooking,innovation,art"
161,40,Include project argue expect surface current.,2025-02-04,"news,motivation,coffee"
162,38,Around charge risk discussion early quickly while.,2024-11-15,food
163,29,Great painting contain land near tend throughout reality.,2025-01-28,"lifestyle,music,nature"
164,46,Art half join court win.,2025-03-03,"coffee,health"
165,12,Yes laugh situation pay home remain movement game.,2025-05-27,tech
166,24,Various military radio.,2024-10-18,"sports,art,business"
167,29,Expert item feeling course.,2024-10-31,"coffee,food"
168,1,Quite budget newspaper current feeling song.,2025-05-18,"education,coffee"
169,45,Nice loss receive create your throw.,2024-12-01,"fashion,health"
170,21,Front thousand food including.,2025-05-08,"coffee,tech,health"
171,27,Half civil several now particularly lead she court.,2025-02-10,"fashion,motivation,cooking"
172,24,Relationship rather community guy away.,2025-08-05,health
173,37,East here it body statement executive customer.,2025-02-19,"news,fitness,sports"
174,19,Indeed run assume live herself room.,2024-09-16,"food,music,travel"
175,14,Everything million officer large.,2025-02-10,business
176,27,Fall success least.,2024-08-31,"business,coffee"
177,12,Century live whatever current.,2025-03-26,music
178,12,Spring middle reveal so such we.,2024-08-18,"art,innovation,cooking"
179,50,Weight option yourself game later.,2024-09-01,"health,sports"
180,29,Reduce run cost teacher bed soldier some.,2025-03-12,"travel,education"
181,24,Team give relate future outside.,2024-10-21,"innovation,art"
182,33,Similar take theory often write to land.,2025-07-04,"cooking,health,lifestyle"
183,38,Police structure determine.,2025-05-18,"sports,cooking"
184,26,General hundred pattern place something without.,2024-12-30,education
185,35,Itself my whole either speech.,2025-06-28,"motivation,education"
186,17,Me model once read player.,2024-10-26,business
187,28,Feeling show lay project term opportunity just part.,2025-05-13,"lifestyle,cooking,travel"
188,3,Mission project center natural firm.,2025-02-04,"innovation,nature,fashion"
189,6,Room pressure off face goal dog without.,2025-07-04,fashion
190,32,Card exist manage student say.,2025-02-07,tech
191,30,These month up himself.,2025-01-30,photography
192,49,Often indicate management young public benefit home.,2025-03-12,"fitness,startup,lifestyle"
193,10,Always candidate car line.,2025-02-23,fitness
194,22,Memory reach not whose career.,2025-02-24,"health,coffee,food"
195,33,Customer produce behavior this follow benefit knowledge thus.,2025-07-01,"food,news,cooking"
196,12,Also student marriage employee party wind.,2025-02-26,"music,fitness"
197,38,To sea turn stock teacher floor social.,2024-12-04,"innovation,education"
198,41,Huge get thousand own be.,2025-02-06,photography
199,50,World drug pull return.,2025-04-02,innovation
200,8,Nice tax herself notice.,2025-03-06,art
